,0
0,-48.0861244
1,-71.09250399
2,-200.0
3,-77.67145136
4,18.30501618
5,9.607605178
6,-200.0
7,2.265372168
8,39.72491909
9,15.91828479
10,-48.0861244
11,-75.15948963
12,78.60032362
13,-200.0
14,-16.62679426
15,9.607605178
16,51.69902913
17,2.588996764
18,-200.0
19,-48.0861244
20,-200.0
21,-200.0
22,-200.0
23,-200.0
24,-90.27113238
25,-200.0
26,76.05177994
27,9.607605178
28,60.35598706
29,63.87540453
30,-48.0861244
31,-71.09250399
32,-48.0861244
33,-90.55023923
34,44.66019417
35,86.81229773
36,23.68527508
37,-200.0
38,-200.0
39,35.27508091
40,60.15372168
41,58.49514563
42,-200.0
43,91.01941748
44,-200.0
45,62.21682848
46,-200.0
47,-200.0
48,-93.46092504
49,-65.23125997
50,-94.81658692
51,-99.68102073
52,-200.0
53,21.15695793
54,37.68203883
55,9.607605178
56,-96.29186603
57,0.0
58,15.14967638
59,5.339805825
60,15.14967638
61,30.96682848
62,0.0
63,-96.73046252
64,-200.0
65,-200.0
66,-48.0861244
67,-16.62679426
68,-48.0861244
69,-77.67145136
70,88.75404531
71,-94.41786284
72,31.63430421
73,43.08252427
74,15.51375405
75,-93.70015949
76,21.60194175
77,-85.16746411
78,48.46278317
79,-74.16267943
80,-200.0
81,37.68203883
82,-80.62200957
83,9.607605178
84,58.45469256
85,58.21197411
86,-99.60127592
87,25.7079288
88,-84.29027113
89,59.83009709
90,-16.62679426
91,-48.0861244
92,-75.15948963
93,-76.79425837
94,3.357605178
95,-48.0861244
96,-48.0861244
97,-68.97926635
98,-48.0861244
99,-48.0861244
100,56.06796117
101,-200.0
102,31.47249191
103,0.242718447
104,70.38834951
105,-89.71291866
106,90.65533981
107,-98.80382775
108,-16.62679426
109,48.74595469
110,-72.64752791
111,45.91423948
112,-16.62679426
113,-92.26475279
114,72.61326861
115,-89.15470494
116,-94.49760766
117,-77.67145136
118,31.9579288
119,51.37540453
120,-78.62838915
121,4.368932039
122,-48.0861244
123,-200.0
124,-200.0
125,-67.10526316
126,-99.20255183
127,-91.22807018
128,9.607605178
129,-72.56778309
130,0.0
131,-62.9984051
132,14.17880259
133,-98.0861244
134,-90.82934609
135,2.973300971
136,56.39158576
137,-90.90909091
138,30.96682848
139,36.24595469
140,-99.36204147
141,32.16019417
142,60.27508091
143,-99.92025518
144,-87.9585327
145,-81.738437
146,92.27346278
147,31.7961165
148,9.607605178
149,1.537216828
150,-91.70653907
151,0.0
152,2.973300971
153,15.14967638
154,-95.53429027
155,-16.62679426
156,0.0
157,-200.0
158,-16.62679426
159,0.242718447
160,-200.0
161,-48.0861244
162,0.0
163,-16.62679426
164,-16.62679426
165,15.14967638
166,0.0
167,-48.0861244
168,-200.0
169,-200.0
170,-48.0861244
171,-48.0861244
172,-200.0
173,85.80097087
174,-16.62679426
175,-200.0
176,-200.0
177,79.28802589
178,-200.0
179,-79.98405104
180,-91.50717703
181,-82.85486443
182,-48.0861244
183,-16.62679426
184,-48.0861244
185,43.46682848
186,-83.09409888
187,65.61488673
188,50.97087379
189,-48.0861244
190,81.55339806
191,-77.67145136
192,-71.09250399
193,-16.62679426
194,-200.0
195,-16.62679426
196,-16.62679426
197,14.78559871
198,31.27022654
199,0.242718447
200,68.60841424
201,-200.0
202,-200.0
203,-76.03668262
204,-67.10526316
205,-78.62838915
206,-48.0861244
207,49.1302589
208,-94.89633174
209,-88.39712919
210,-16.62679426
211,4.368932039
212,23.68527508
213,-92.7830941
214,3.478964401
215,-93.22169059
216,-16.62679426
217,25.48543689
218,-79.98405104
219,20.99514563
220,-16.62679426
221,0.525889968
222,-84.37001595
223,-65.23125997
224,-68.97926635
225,26.75970874
226,-87.71929825
227,37.68203883
228,-91.38755981
229,52.14401294
230,35.21440129
231,-93.06220096
232,-71.09250399
233,-16.62679426
234,-16.62679426
235,21.6828479
236,62.39886731
237,18.30501618
238,55.42071197
239,28.84304207
240,21.23786408
241,39.5631068
242,0.0
243,5.501618123
244,59.00080906
245,20.99514563
246,39.17880259
247,47.3907767
248,0.0
249,58.61650485
250,50.08090615
251,0.0
252,85.55825243
253,84.12216828
254,-92.10526316
255,14.17880259
256,56.97815534
257,39.88673139
258,87.3381877
259,9.607605178
260,18.30501618
261,-76.03668262
262,0.0
263,72.91666667
264,21.197411
265,0.0
266,98.13915858
267,98.78640777
268,60.51779935
269,48.24029126
270,27.0631068
271,42.75889968
272,23.68527508
273,20.99514563
274,-16.62679426
275,72.16828479
276,-93.38118022
277,-99.76076555
278,-71.09250399
279,-16.62679426
280,0.0
281,-83.25358852
282,0.0
283,0.0
284,0.0
285,60.052589
286,15.14967638
287,47.3907767
288,75.58656958
289,9.607605178
290,84.80987055
291,78.27669903
292,0.0
293,0.0
294,-77.67145136
295,0.0
296,97.04692557
297,73.60436893
298,75.80906149
299,93.28478964
300,55.42071197
301,0.0
302,0.0
303,1.051779935
304,0.0
305,30.96682848
306,0.0
307,50.08090615
308,71.197411
309,87.84385113
310,9.607605178
311,44.66019417
312,46.25809061
313,-16.62679426
314,-74.16267943
315,30.96682848
316,69.19498382
317,0.0
318,87.41909385
319,97.9368932
320,0.0
321,20.71197411
322,88.22815534
323,-63.55661882
324,75.84951456
325,-73.16586922
326,-97.84688995
327,90.29126214
328,13.87540453
329,62.52022654
330,2.973300971
331,-92.18500797
332,51.45631068
333,58.37378641
334,94.17475728
335,-68.97926635
336,57.60517799
337,1.152912621
338,0.0
339,-16.62679426
340,73.50323625
341,-16.62679426
342,0.0
343,-48.0861244
344,69.70064725
345,39.48220065
346,89.13834951
347,95.02427184
348,96.72330097
349,98.94822006
350,92.51618123
351,87.58090615
352,37.68203883
353,14.48220065
354,96.88511327
355,81.25
356,9.607605178
357,0.0
358,69.57928803
359,26.13268608
360,30.96682848
361,78.94417476
362,-48.0861244
363,20.63106796
364,48.50323625
365,89.52265372
366,0.0
367,89.48220065
368,56.43203883
369,87.74271845
370,9.607605178
371,66.44417476
372,-77.67145136
373,89.13834951
374,51.65857605
375,0.0
376,86.40776699
377,0.910194175
378,9.607605178
379,86.91343042
380,-200.0
381,15.14967638
382,-200.0
383,2.973300971
384,-16.62679426
385,40.00809061
386,14.36084142
387,-16.62679426
388,-16.62679426
389,-16.62679426
390,-81.57894737
391,-200.0
392,-200.0
393,3.721682848
394,-48.0861244
395,-200.0
396,-16.62679426
397,-200.0
398,-200.0
399,-200.0
400,-200.0
401,97.12783172
402,-200.0
403,25.95064725
404,-74.16267943
405,-200.0
406,-200.0
407,26.94174757
408,-16.62679426
409,95.22653722
410,2.508090615
411,-200.0
412,-200.0
413,-200.0
414,-200.0
415,-81.93779904
416,-48.0861244
417,-16.62679426
418,-200.0
419,1.395631068
420,-200.0
421,89.58333333
422,-200.0
423,40.19012945
424,-16.62679426
425,-16.62679426
426,89.64401294
427,71.60194175
428,97.85598706
429,73.76618123
430,31.22977346
431,48.86731392
432,80.13754045
433,-200.0
434,-16.62679426
435,-48.0861244
436,-200.0
437,-200.0
438,-200.0
439,-16.62679426
440,-200.0
441,0.0
442,-16.62679426
443,-200.0
444,33.39401294
445,-48.0861244
446,-93.62041467
447,-200.0
448,-200.0
449,-16.62679426
450,-84.05103668
451,43.46682848
452,-68.97926635
453,49.31229773
454,26.51699029
455,31.59385113
456,0.0
457,-200.0
458,-16.62679426
459,-48.0861244
460,-200.0
461,-200.0
462,-200.0
463,-200.0
464,-16.62679426
465,-85.40669856
466,2.265372168
467,-200.0
468,-200.0
469,-84.80861244
470,0.0
471,-74.16267943
472,-48.0861244
473,-95.37480064
474,-16.62679426
475,51.61812298
476,-48.0861244
477,-94.25837321
478,-48.0861244
479,-48.0861244
480,-200.0
481,-16.62679426
482,61.20550162
483,9.607605178
484,23.68527508
485,-48.0861244
486,-16.62679426
487,1.395631068
488,82.68608414
489,-80.62200957
490,-63.9553429
491,-66.18819777
492,-200.0
493,-200.0
494,30.66343042
495,-200.0
496,-200.0
497,-200.0
498,-16.62679426
499,-16.62679426
500,-85.16746411
501,-73.16586922
502,0.0
503,15.14967638
504,-200.0
505,78.37783172
506,-89.55342903
507,-92.62360447
508,14.78559871
509,-98.24561404
510,9.607605178
511,-96.57097289
512,-200.0
513,14.17880259
514,-48.0861244
515,-200.0
516,0.0
517,-16.62679426
518,-200.0
519,-48.0861244
520,9.607605178
521,-77.67145136
522,-200.0
523,-48.0861244
524,-200.0
525,94.4579288
526,-200.0
527,51.29449838
528,-64.03508772
529,31.71521036
530,95.99514563
531,-200.0
532,-200.0
533,-200.0
534,-200.0
535,-68.97926635
536,-200.0
537,-67.10526316
538,20.38834951
539,30.60275081
540,68.77022654
541,3.640776699
542,-200.0
543,-16.62679426
544,-79.18660287
545,-200.0
546,81.83656958
547,42.92071197
548,-64.27432217
549,-200.0
550,50.88996764
551,-200.0
552,56.47249191
553,-90.98883573
554,-200.0
555,-48.0861244
556,86.77184466
557,-200.0
558,-79.42583732
559,-16.62679426
560,-86.72248804
561,-200.0
562,-95.85326954
563,15.77669903
564,60.31553398
565,23.68527508
566,-48.0861244
567,0.0
568,46.25809061
569,21.29854369
570,89.0776699
571,85.5987055
572,91.10032362
573,30.7038835
574,-48.0861244
575,-16.62679426
576,20.46925566
577,-200.0
578,-16.62679426
579,83.98058252
580,9.607605178
581,-200.0
582,2.265372168
583,-200.0
584,-200.0
585,35.51779935
586,-16.62679426
587,56.14886731
588,3.398058252
589,-67.10526316
590,14.66423948
591,-79.98405104
592,-48.0861244
593,42.63754045
594,-16.62679426
595,84.87055016
596,-92.98245614
597,48.0987055
598,-87.87878788
599,9.607605178
600,-200.0
601,9.607605178
602,9.607605178
603,-16.62679426
604,9.607605178
605,26.21359223
606,-200.0
607,0.0
608,25.95064725
609,-48.0861244
610,-200.0
611,-16.62679426
612,4.368932039
613,0.0
614,-98.00637959
615,2.973300971
616,-16.62679426
617,-91.86602871
618,-95.215311
619,-97.1291866
620,20.30744337
621,-200.0
622,45.83333333
623,-98.40510367
624,-200.0
625,4.368932039
626,-84.52950558
627,-200.0
628,5.076860841
629,15.14967638
630,5.663430421
631,-200.0
632,-200.0
633,-200.0
634,0.242718447
635,-73.16586922
636,9.607605178
637,-96.6507177
638,-200.0
639,9.607605178
640,-75.15948963
641,-16.62679426
642,5.562297735
643,-16.62679426
644,-48.0861244
645,-97.28867624
646,-200.0
647,9.607605178
648,-83.73205742
649,9.607605178
650,-63.63636364
651,9.607605178
652,23.68527508
653,-200.0
654,0.0
655,-200.0
656,-97.44816587
657,-16.62679426
658,4.368932039
659,-200.0
660,-16.62679426
661,-200.0
662,0.0
663,9.607605178
664,9.607605178
665,-200.0
666,-200.0
667,-200.0
668,-95.6539075
669,-200.0
670,-16.62679426
671,-95.29505582
672,-63.39712919
673,-200.0
674,-200.0
675,-200.0
676,-16.62679426
677,-16.62679426
678,-76.03668262
679,-78.62838915
680,-200.0
681,-74.16267943
682,-71.09250399
683,-200.0
684,-73.16586922
685,-16.62679426
686,-200.0
687,-16.62679426
688,-16.62679426
689,-87.32057416
690,13.91585761
691,-48.0861244
692,-200.0
693,-88.91547049
694,60.19417476
695,-200.0
696,-200.0
697,-200.0
698,-200.0
699,67.67799353
700,-65.23125997
701,-200.0
702,4.368932039
703,0.242718447
704,-200.0
705,-71.09250399
706,-16.62679426
707,48.4223301
708,-200.0
709,84.06148867
710,-200.0
711,9.607605178
712,-48.0861244
713,80.98705502
714,95.30744337
715,92.31391586
716,-79.98405104
717,-200.0
718,1.941747573
719,-200.0
720,-48.0861244
721,-16.62679426
722,54.04530744
723,39.76537217
724,-67.10526316
725,-16.62679426
726,-63.07814992
727,-16.62679426
728,93.12297735
729,-48.0861244
730,-48.0861244
731,-87.40031898
732,-200.0
733,-200.0
734,-65.23125997
735,-16.62679426
736,2.973300971
737,-16.62679426
738,-84.05103668
739,-48.0861244
740,-16.62679426
741,-67.10526316
742,-73.16586922
743,-16.62679426
744,-88.99521531
745,-16.62679426
746,-16.62679426
747,9.607605178
748,-200.0
749,-48.0861244
750,5.076860841
751,0.242718447
752,-200.0
753,-48.0861244
754,-97.76714514
755,-76.31578947
756,43.0420712
757,31.51294498
758,-82.41626794
759,-16.62679426
760,-16.62679426
761,-76.79425837
762,-200.0
763,-200.0
764,-71.09250399
765,-200.0
766,-200.0
767,63.63268608
768,13.55177994
769,-200.0
770,-74.16267943
771,-200.0
772,60.84142395
773,-16.62679426
774,-65.23125997
775,-16.62679426
776,-200.0
777,-200.0
778,27.14401294
779,2.973300971
780,-79.98405104
781,36.06391586
782,97.08737864
783,13.67313916
784,92.15210356
785,45.99514563
786,94.9433657
787,-76.03668262
788,-200.0
789,82.52427184
790,-48.0861244
791,-200.0
792,-200.0
793,-200.0
794,-63.39712919
795,-200.0
796,-200.0
797,-200.0
798,-16.62679426
799,-200.0
800,55.42071197
801,4.368932039
802,-200.0
803,-200.0
804,-200.0
805,-200.0
806,-200.0
807,96.46035599
808,-200.0
809,-16.62679426
810,-200.0
811,-48.0861244
812,-48.0861244
813,-200.0
814,92.23300971
815,-16.62679426
816,-65.23125997
817,-65.23125997
818,30.48139159
819,-98.64433812
820,-89.07496013
821,2.548543689
822,-82.85486443
823,-16.62679426
824,-16.62679426
825,-200.0
826,80.90614887
827,58.87944984
828,0.0
829,61.85275081
830,-16.62679426
831,-16.62679426
832,0.0
833,-16.62679426
834,5.339805825
835,88.95631068
836,25.7079288
837,-71.09250399
838,-16.62679426
839,62.29773463
840,14.17880259
841,0.242718447
842,-16.62679426
843,-200.0
844,21.64239482
845,-73.16586922
846,-200.0
847,-16.62679426
848,-200.0
849,0.0
850,-86.60287081
851,0.0
852,41.26213592
853,58.29288026
854,-16.62679426
855,-200.0
856,-86.12440191
857,-200.0
858,-48.0861244
859,51.9012945
860,56.55339806
861,-200.0
862,3.640776699
863,40.04854369
864,-200.0
865,-48.0861244
866,-48.0861244
867,-16.62679426
868,-200.0
869,89.27993528
870,1.739482201
871,69.66019417
872,88.79449838
873,15.65533981
874,-16.62679426
875,23.68527508
876,-200.0
877,0.566343042
878,-200.0
879,-48.0861244
880,-85.72567783
881,-16.62679426
882,-16.62679426
883,-16.62679426
884,-76.79425837
885,88.28883495
886,9.607605178
887,16.20145631
888,-200.0
889,0.0
890,-200.0
891,91.74757282
892,-48.0861244
893,-65.23125997
894,-16.62679426
895,-91.94577352
896,-16.62679426
897,61.93365696
898,-200.0
899,-48.0861244
900,0.0
901,-200.0
902,-200.0
903,56.59385113
904,4.368932039
905,-200.0
906,-93.85964912
907,25.95064725
908,-68.97926635
909,1.739482201
910,-16.62679426
911,-200.0
912,-96.29186603
913,-48.0861244
914,26.51699029
915,16.01941748
916,51.09223301
917,51.7394822
918,31.99838188
919,-200.0
920,43.16343042
921,-200.0
922,0.0
923,-200.0
924,53.92394822
925,96.15695793
926,54.12621359
927,-83.41307815
928,71.6828479
929,-200.0
930,-16.62679426
931,-200.0
932,83.65695793
933,0.485436893
934,-89.31419458
935,-92.62360447
936,-200.0
937,-16.62679426
938,98.05825243
939,-80.62200957
940,27.18446602
941,0.687702265
942,28.84304207
943,9.607605178
944,61.20550162
945,1.152912621
946,-16.62679426
947,0.0
948,-85.84529506
949,-16.62679426
950,98.82686084
951,0.0
952,98.62459547
953,89.84627832
954,0.0
955,9.607605178
956,0.0
957,75.58656958
958,73.4223301
959,9.607605178
960,0.0
961,-200.0
962,-83.73205742
963,-76.79425837
964,-200.0
965,-200.0
966,-200.0
967,-200.0
968,68.85113269
969,-48.0861244
970,-68.97926635
971,-81.2599681
972,0.0
973,-63.79585327
974,73.50323625
975,-16.62679426
976,-200.0
977,-16.62679426
978,69.6197411
979,-200.0
980,42.59708738
981,4.368932039
982,14.4012945
983,54.36893204
984,-67.10526316
985,0.242718447
986,-78.62838915
987,-94.05901116
988,-78.62838915
989,-200.0
990,-200.0
991,15.14967638
992,60.67961165
993,-48.0861244
994,13.95631068
995,-16.62679426
996,-200.0
997,-78.62838915
998,0.0
999,0.0
1000,0.0
1001,-200.0
1002,-75.15948963
1003,50.08090615
1004,9.607605178
1005,9.607605178
1006,28.84304207
1007,69.19498382
1008,37.68203883
1009,18.30501618
1010,0.0
1011,70.77265372
1012,63.08656958
1013,18.30501618
1014,41.26213592
1015,86.40776699
1016,-16.62679426
1017,89.36084142
1018,-48.0861244
1019,-48.0861244
1020,92.67799353
1021,-91.50717703
1022,0.0
1023,-96.88995215
1024,0.242718447
1025,-95.13556619
1026,87.25728155
1027,-200.0
1028,-16.62679426
1029,-65.23125997
1030,-92.34449761
1031,31.83656958
1032,35.63915858
1033,-200.0
1034,-65.23125997
1035,15.9789644
1036,31.91747573
1037,42.5566343
1038,-200.0
1039,-200.0
1040,81.7961165
1041,14.52265372
1042,32.20064725
1043,-90.66985646
1044,34.83009709
1045,4.368932039
1046,21.74352751
1047,-200.0
1048,-82.41626794
1049,-200.0
1050,-82.41626794
1051,9.607605178
1052,1.739482201
1053,-16.62679426
1054,15.51375405
1055,9.607605178
1056,18.30501618
1057,0.0
1058,15.77669903
1059,-64.15470494
1060,67.61731392
1061,-16.62679426
1062,-91.78628389
1063,-82.85486443
1064,30.96682848
1065,9.607605178
1066,0.0
1067,5.339805825
1068,-200.0
1069,-68.97926635
1070,-99.12280702
1071,-95.93301435
1072,-92.50398724
1073,-200.0
1074,-48.0861244
1075,87.98543689
1076,-200.0
1077,-68.97926635
1078,-200.0
1079,-200.0
1080,18.30501618
1081,-200.0
1082,-99.84051037
1083,45.87378641
1084,20.79288026
1085,-93.30143541
1086,-96.96969697
1087,35.03236246
1088,-200.0
1089,-92.42424242
1090,-97.92663477
1091,-98.5645933
1092,-95.05582137
1093,-92.02551834
1094,-98.88357257
1095,0.0
1096,-200.0
1097,-48.0861244
1098,-75.75757576
1099,-200.0
1100,51.33495146
1101,-200.0
1102,18.30501618
1103,-100.0
1104,-48.0861244
1105,-200.0
1106,-16.62679426
1107,0.0
1108,-97.36842105
1109,-48.0861244
1110,15.77669903
1111,21.44012945
1112,30.96682848
1113,-48.0861244
1114,0.0
1115,-16.62679426
1116,0.0
1117,39.03721683
1118,61.89320388
1119,16.302589
1120,35.96278317
1121,4.368932039
1122,9.607605178
1123,0.0
1124,37.68203883
1125,16.05987055
1126,-16.62679426
1127,9.607605178
1128,9.607605178
1129,18.30501618
1130,-200.0
1131,-200.0
1132,30.42071197
1133,-200.0
1134,-75.59808612
1135,-72.72727273
1136,0.0
1137,0.0
1138,-99.44178628
1139,-99.5215311
1140,-48.0861244
1141,-79.58532695
1142,-16.62679426
1143,0.0
1144,0.0
1145,-200.0
1146,-82.41626794
1147,0.970873786
1148,-89.87240829
1149,-48.0861244
1150,-16.62679426
1151,-16.62679426
1152,18.30501618
1153,-16.62679426
1154,-86.72248804
1155,71.15695793
1156,48.54368932
1157,-48.0861244
1158,62.45954693
1159,-200.0
1160,-86.523126
1161,-86.84210526
1162,25.60679612
1163,48.38187702
1164,-48.0861244
1165,-200.0
1166,-16.62679426
1167,-68.97926635
1168,-48.0861244
1169,18.30501618
1170,-16.62679426
1171,-200.0
1172,94.49838188
1173,-81.65869219
1174,-16.62679426
1175,25.5461165
1176,-90.27113238
1177,76.21359223
1178,37.68203883
1179,81.63430421
1180,-200.0
1181,-48.0861244
1182,-200.0
1183,-75.67783094
1184,0.0
1185,81.51294498
1186,-200.0
1187,31.55339806
1188,-71.09250399
1189,-83.73205742
1190,-200.0
1191,48.66504854
1192,0.0
1193,-90.74960128
1194,76.98220065
1195,56.35113269
1196,0.0
1197,0.0
1198,-67.10526316
1199,26.21359223
1200,95.34789644
1201,41.26213592
1202,-16.62679426
1203,44.66019417
1204,55.42071197
1205,96.46035599
1206,33.39401294
1207,88.57200647
1208,9.607605178
1209,-81.2599681
1210,-93.77990431
1211,65.85760518
1212,-200.0
1213,0.0
1214,-16.62679426
1215,-88.23763955
1216,-200.0
1217,-16.62679426
1218,56.87702265
1219,-91.14832536
1220,-80.62200957
1221,-48.0861244
1222,-71.09250399
1223,-16.62679426
1224,-48.0861244
1225,-16.62679426
1226,-80.62200957
1227,-77.67145136
1228,56.75566343
1229,-88.71610845
1230,-63.79585327
1231,-200.0
1232,64.03721683
1233,-200.0
1234,-48.0861244
1235,61.81229773
1236,94.37702265
1237,-48.0861244
1238,-200.0
1239,-200.0
1240,-48.0861244
1241,-16.62679426
1242,-200.0
1243,-200.0
1244,-200.0
1245,-200.0
1246,9.607605178
1247,-200.0
1248,-48.0861244
1249,-200.0
1250,0.647249191
1251,83.17152104
1252,-48.0861244
1253,-16.62679426
1254,2.973300971
1255,-73.16586922
1256,-16.62679426
1257,20.67152104
1258,5.076860841
1259,4.368932039
1260,-200.0
1261,4.368932039
1262,-200.0
1263,93.08252427
1264,30.5420712
1265,-200.0
1266,0.0
1267,0.0
1268,51.41585761
1269,0.0
1270,0.0
1271,0.0
1272,62.29773463
1273,67.15210356
1274,-16.62679426
1275,4.368932039
1276,0.0
1277,-200.0
1278,-200.0
1279,26.51699029
1280,37.68203883
1281,76.33495146
1282,-16.62679426
1283,18.30501618
1284,18.30501618
1285,-16.62679426
1286,26.51699029
1287,-200.0
1288,-16.62679426
1289,4.368932039
1290,0.0
1291,-71.09250399
1292,-200.0
1293,-200.0
1294,-200.0
1295,-200.0
1296,-200.0
1297,36.20550162
1298,-84.80861244
1299,-16.62679426
1300,-86.12440191
1301,-200.0
1302,-200.0
1303,-200.0
1304,83.697411
1305,-200.0
1306,2.973300971
1307,0.0
1308,58.94012945
1309,26.21359223
1310,-200.0
1311,-200.0
1312,-200.0
1313,-200.0
1314,9.607605178
1315,-48.0861244
1316,-200.0
1317,-48.0861244
1318,3.55987055
1319,-200.0
1320,-200.0
1321,-200.0
1322,82.05906149
1323,-200.0
1324,26.61812298
1325,-200.0
1326,80.78478964
1327,0.0
1328,-16.62679426
1329,-200.0
1330,-200.0
1331,-65.23125997
1332,-98.16586922
1333,-200.0
1334,0.0
1335,-16.62679426
1336,-86.36363636
1337,91.88915858
1338,-98.48484848
1339,28.84304207
1340,-200.0
1341,-200.0
1342,-200.0
1343,4.368932039
1344,-200.0
1345,-16.62679426
1346,-16.62679426
1347,2.973300971
1348,13.79449838
1349,35.39644013
1350,-16.62679426
1351,18.30501618
1352,-200.0
1353,18.30501618
1354,-71.09250399
1355,9.607605178
1356,18.30501618
1357,64.36084142
1358,-88.23763955
1359,-98.72408293
1360,0.0
1361,-90.11164274
1362,-200.0
1363,-200.0
1364,35.88187702
1365,-200.0
1366,-97.68740032
1367,-200.0
1368,-200.0
1369,-200.0
1370,-200.0
1371,53.88349515
1372,-200.0
1373,-200.0
1374,-200.0
1375,-200.0
1376,28.84304207
1377,-48.0861244
1378,-95.45454545
1379,-200.0
1380,-200.0
1381,-200.0
1382,-200.0
1383,-88.71610845
1384,-200.0
1385,95.26699029
1386,-200.0
1387,21.92556634
1388,-67.10526316
1389,-200.0
1390,-200.0
1391,-16.62679426
1392,-16.62679426
1393,-200.0
1394,-200.0
1395,-200.0
1396,-16.62679426
1397,39.80582524
1398,-200.0
1399,-200.0
1400,28.84304207
1401,9.607605178
1402,0.0
1403,-200.0
1404,39.17880259
1405,2.973300971
1406,15.77669903
1407,0.0
1408,0.0
1409,0.0
1410,2.265372168
1411,9.607605178
1412,9.607605178
1413,-200.0
1414,-200.0
1415,-200.0
1416,-200.0
1417,-200.0
1418,-48.0861244
1419,73.30097087
1420,-48.0861244
1421,-200.0
1422,-200.0
1423,4.368932039
1424,21.74352751
1425,-200.0
1426,0.0
1427,26.94174757
1428,35.15372168
1429,-74.16267943
1430,-81.2599681
1431,-200.0
1432,-48.0861244
1433,-16.62679426
1434,-200.0
1435,-48.0861244
1436,-200.0
1437,-16.62679426
1438,-16.62679426
1439,-16.62679426
1440,-200.0
1441,-200.0
1442,-90.55023923
1443,-80.62200957
1444,-200.0
1445,-200.0
1446,-16.62679426
1447,-200.0
1448,-96.81020734
1449,-16.62679426
1450,-65.23125997
1451,-200.0
1452,-76.79425837
1453,-16.62679426
1454,-16.62679426
1455,-82.41626794
1456,-200.0
1457,-200.0
1458,-200.0
1459,-200.0
1460,-200.0
1461,-200.0
1462,20.99514563
1463,-200.0
1464,-92.90271132
1465,-200.0
1466,-16.62679426
1467,-48.0861244
1468,20.83333333
1469,-48.0861244
1470,0.0
1471,-67.10526316
1472,0.0
1473,-98.32535885
1474,0.0
1475,0.0
1476,-88.71610845
1477,9.607605178
1478,-16.62679426
1479,30.96682848
1480,-81.2599681
1481,74.39320388
1482,75.24271845
1483,-200.0
1484,-68.97926635
1485,-200.0
1486,91.22168285
1487,-48.0861244
1488,-48.0861244
1489,-200.0
1490,-200.0
1491,28.84304207
1492,-200.0
1493,-200.0
1494,-200.0
1495,-200.0
1496,-200.0
1497,-16.62679426
1498,42.39482201
1499,-200.0
1500,99.35275081
1501,-200.0
1502,-200.0
1503,-200.0
1504,25.95064725
1505,0.0
1506,-48.0861244
1507,-200.0
1508,-200.0
1509,-200.0
1510,-200.0
1511,0.0
1512,-200.0
1513,2.973300971
1514,-200.0
1515,15.14967638
1516,-200.0
1517,15.14967638
1518,-200.0
1519,-200.0
1520,-200.0
1521,-200.0
1522,-200.0
1523,9.607605178
1524,-200.0
1525,-200.0
1526,0.0
1527,-200.0
1528,-200.0
1529,-16.62679426
1530,-200.0
1531,-200.0
1532,36.32686084
1533,0.0
1534,-200.0
1535,-200.0
1536,0.0
1537,36.06391586
1538,97.81553398
1539,39.947411
1540,-83.1738437
1541,5.076860841
1542,0.0
1543,35.7605178
1544,31.39158576
1545,-200.0
1546,-200.0
1547,-200.0
1548,-97.52791069
1549,15.61488673
1550,0.0
1551,9.607605178
1552,75.97087379
1553,-48.0861244
1554,18.30501618
1555,0.0
1556,28.84304207
1557,0.0
1558,14.78559871
1559,39.34061489
1560,28.84304207
1561,54.5105178
1562,1.011326861
1563,0.0
1564,41.26213592
1565,-65.23125997
1566,51.53721683
1567,-200.0
1568,-200.0
1569,-200.0
1570,48.78640777
1571,-200.0
1572,-200.0
1573,-200.0
1574,-200.0
1575,-200.0
1576,-200.0
1577,-200.0
1578,-200.0
1579,0.0
1580,-200.0
1581,-200.0
1582,50.08090615
1583,9.607605178
1584,82.05906149
1585,-200.0
1586,-200.0
1587,-200.0
1588,-200.0
1589,-200.0
1590,40.19012945
1591,-200.0
1592,0.0
1593,-200.0
1594,35.51779935
1595,-200.0
1596,-200.0
1597,-200.0
1598,-200.0
1599,-200.0
1600,-200.0
1601,-200.0
1602,-200.0
1603,66.44417476
1604,90.02831715
1605,9.607605178
1606,0.849514563
1607,-71.09250399
1608,18.30501618
1609,59.8907767
1610,-200.0
1611,91.88915858
1612,-71.09250399
1613,-98.96331738
1614,-95.77352472
1615,-67.10526316
1616,-200.0
1617,-67.10526316
1618,-200.0
1619,-96.1722488
1620,-91.62679426
1621,-200.0
1622,-16.62679426
1623,34.62783172
1624,-200.0
1625,-200.0
1626,-200.0
1627,-200.0
1628,-16.62679426
1629,0.0
1630,-48.0861244
1631,-16.62679426
1632,-48.0861244
1633,-200.0
1634,-48.0861244
1635,0.0
1636,15.14967638
1637,-200.0
1638,9.607605178
1639,-16.62679426
1640,14.78559871
1641,-200.0
1642,2.973300971
1643,-200.0
1644,-48.0861244
1645,-200.0
1646,-200.0
1647,-200.0
1648,-200.0
1649,41.26213592
1650,-200.0
1651,13.79449838
1652,-48.0861244
1653,0.0
1654,-200.0
1655,-48.0861244
1656,-16.62679426
1657,1.739482201
1658,2.973300971
1659,-89.23444976
1660,-200.0
1661,-200.0
1662,92.94093851
1663,-200.0
1664,-200.0
1665,-200.0
1666,-48.0861244
1667,9.607605178
1668,21.84466019
1669,-16.62679426
1670,50.08090615
1671,-200.0
1672,-200.0
1673,9.607605178
1674,9.607605178
1675,-200.0
1676,-16.62679426
1677,-200.0
1678,-48.0861244
1679,-16.62679426
1680,-200.0
1681,-76.03668262
1682,58.81877023
1683,-91.30781499
1684,-90.43062201
1685,-200.0
1686,-200.0
1687,9.607605178
1688,-200.0
1689,1.739482201
1690,-200.0
1691,-16.62679426
1692,-200.0
1693,-200.0
1694,46.03559871
1695,-200.0
1696,-200.0
1697,-16.62679426
1698,-200.0
1699,-200.0
1700,34.99190939
1701,-48.0861244
1702,-16.62679426
1703,1.294498382
1704,-200.0
1705,-81.2599681
1706,-89.55342903
1707,88.02588997
1708,-200.0
1709,-16.62679426
1710,0.910194175
1711,0.0
1712,-16.62679426
1713,-16.62679426
1714,-200.0
1715,-200.0
1716,0.72815534
1717,-16.62679426
1718,-16.62679426
1719,71.64239482
1720,2.265372168
1721,-16.62679426
1722,21.44012945
1723,-67.10526316
1724,-85.48644338
1725,-93.14194577
1726,20.50970874
1727,35.07281553
1728,86.69093851
1729,61.58980583
1730,4.975728155
1731,-200.0
1732,-200.0
1733,-84.80861244
1734,75.3236246
1735,48.98867314
1736,93.56796117
1737,13.67313916
1738,-65.23125997
1739,46.11650485
1740,31.67475728
1741,-87.08133971
1742,-16.62679426
1743,67.19255663
1744,-16.62679426
1745,-48.0861244
1746,56.22977346
1747,73.98867314
1748,-48.0861244
1749,35.31553398
1750,-81.93779904
1751,-89.55342903
1752,-48.0861244
1753,5.218446602
1754,-200.0
1755,0.809061489
1756,-97.6076555
1757,20.59061489
1758,39.947411
1759,-76.79425837
1760,-71.09250399
1761,-85.60606061
1762,39.17880259
1763,56.18932039
1764,-200.0
1765,80.84546926
1766,-200.0
1767,0.0
1768,-74.16267943
1769,-65.23125997
1770,-16.62679426
1771,-72.32854864
1772,59.44579288
1773,43.72977346
1774,-200.0
1775,16.10032362
1776,61.20550162
1777,-200.0
1778,91.70711974
1779,-16.62679426
1780,13.59223301
1781,-200.0
1782,90.9789644
1783,53.98462783
1784,-48.0861244
1785,-71.09250399
1786,88.18770227
1787,79.6723301
1788,-16.62679426
1789,-87.08133971
1790,-16.62679426
1791,-64.15470494
1792,-68.97926635
1793,43.46682848
1794,74.73705502
1795,-48.0861244
1796,51.9012945
1797,69.19498382
1798,-75.15948963
1799,39.42152104
1800,51.53721683
1801,39.17880259
1802,45.59061489
1803,78.3171521
1804,73.90776699
1805,-63.79585327
1806,-16.62679426
1807,42.27346278
1808,-68.97926635
1809,-65.23125997
1810,-67.10526316
1811,-73.16586922
1812,-75.15948963
1813,73.34142395
1814,77.02265372
1815,-74.16267943
1816,87.13592233
1817,-88.03827751
1818,1.23381877
1819,-65.23125997
1820,83.41423948
1821,-67.10526316
1822,-16.62679426
1823,-48.0861244
1824,-74.16267943
1825,-79.50558214
1826,-200.0
1827,-93.54066986
1828,76.65857605
1829,-99.28229665
1830,-48.0861244
1831,36.28640777
1832,-94.05901116
1833,90.16990291
1834,35.67961165
1835,40.19012945
1836,-88.51674641
1837,-83.73205742
1838,-16.62679426
1839,-48.0861244
1840,47.3907767
1841,-48.0861244
1842,1.577669903
1843,0.0
1844,-48.0861244
1845,-16.62679426
1846,-48.0861244
1847,0.0
1848,-48.0861244
1849,46.197411
1850,-16.62679426
1851,-79.3460925
1852,0.0
1853,-16.62679426
1854,-79.66507177
1855,5.461165049
1856,-72.40829346
1857,42.51618123
1858,-87.08133971
1859,86.6302589
1860,-200.0
1861,14.44174757
1862,-200.0
1863,-68.97926635
1864,-16.62679426
1865,-94.57735247
1866,20.55016181
1867,18.30501618
1868,39.17880259
1869,-81.2599681
1870,-48.0861244
1871,36.16504854
1872,-85.60606061
1873,27.26537217
1874,80.42071197
1875,0.0
1876,85.39644013
1877,-99.0430622
1878,-87.71929825
1879,0.0
1880,-48.0861244
1881,2.265372168
1882,70.06472492
1883,72.24919094
1884,37.68203883
1885,-16.62679426
1886,-16.62679426
1887,-200.0
1888,-200.0
1889,0.0
1890,-68.97926635
1891,0.0
1892,-200.0
1893,-89.39393939
1894,48.24029126
1895,-75.15948963
1896,-48.0861244
1897,-16.62679426
1898,4.368932039
1899,2.973300971
1900,-94.73684211
1901,-91.06858054
1902,-48.0861244
1903,2.265372168
1904,-72.24880383
1905,-48.0861244
1906,27.10355987
1907,-48.0861244
1908,-48.0861244
1909,95.14563107
1910,26.31472492
1911,-95.6539075
1912,79.02508091
1913,-94.65709729
1914,45.69174757
1915,54.71278317
1916,-96.49122807
1917,-48.0861244
1918,-16.62679426
1919,-48.0861244
1920,60.4368932
1921,-48.0861244
1922,-16.62679426
1923,56.51294498
1924,-200.0
1925,-200.0
1926,-16.62679426
1927,-48.0861244
1928,35.9223301
1929,98.38187702
1930,85.4368932
1931,21.80420712
1932,76.9012945
1933,20.99514563
1934,-16.62679426
1935,5.622977346
1936,-72.48803828
1937,31.31067961
1938,98.22006472
1939,25.5461165
1940,-48.0861244
1941,93.36569579
1942,2.063106796
1943,-16.62679426
1944,-48.0861244
1945,31.75566343
1946,-81.93779904
1947,80.46116505
1948,36.06391586
1949,14.66423948
1950,-78.62838915
1951,34.66828479
1952,38.99676375
1953,88.10679612
1954,-83.73205742
1955,-16.62679426
1956,-80.62200957
1957,32.1197411
1958,20.75242718
1959,-63.23763955
1960,42.83980583
1961,-82.41626794
1962,97.69417476
1963,-16.62679426
1964,35.51779935
1965,-68.97926635
1966,74.87864078
1967,-48.0861244
1968,-88.71610845
1969,-87.08133971
1970,-48.0861244
1971,86.24595469
1972,35.82119741
1973,-16.62679426
1974,-48.0861244
1975,84.1828479
1976,34.83009709
1977,30.96682848
1978,82.2815534
1979,96.92556634
1980,4.368932039
1981,-87.4800638
1982,26.75970874
1983,0.768608414
1984,-78.62838915
1985,-48.0861244
1986,0.606796117
1987,50.88996764
1988,-48.0861244
1989,5.339805825
1990,84.30420712
1991,1.496763754
1992,-16.62679426
1993,-84.21052632
1994,90.21035599
1995,-96.41148325
1996,-97.20893142
1997,-63.39712919
1998,-94.97607656
1999,1.09223301
2000,26.41585761
2001,-67.10526316
2002,-200.0
2003,-85.84529506
2004,9.607605178
2005,2.002427184
2006,18.30501618
2007,-200.0
2008,-48.0861244
2009,-84.52950558
2010,-200.0
2011,-48.0861244
2012,-200.0
2013,0.0
2014,-75.15948963
2015,0.0
2016,-200.0
2017,0.0
2018,83.29288026
2019,-200.0
2020,-200.0
2021,-48.0861244
2022,-79.26634769
2023,-80.62200957
2024,89.68446602
2025,72.47168285
2026,-200.0
2027,-200.0
2028,-63.15789474
2029,-200.0
2030,-16.62679426
2031,-85.16746411
2032,-200.0
2033,34.83009709
2034,-16.62679426
2035,-200.0
2036,0.0
2037,-200.0
2038,80.84546926
2039,-89.79266348
2040,-71.09250399
2041,-93.93939394
2042,67.23300971
2043,15.57443366
2044,-88.39712919
2045,32.05906149
2046,-94.33811802
2047,15.45307443
2048,-16.62679426
2049,-16.62679426
2050,-73.16586922
2051,1.739482201
2052,39.64401294
2053,-16.62679426
2054,58.57605178
2055,-16.62679426
2056,-77.67145136
2057,-16.62679426
2058,-48.0861244
2059,46.44012945
2060,27.02265372
2061,-16.62679426
2062,-16.62679426
2063,-16.62679426
2064,-16.62679426
2065,4.368932039
2066,-16.62679426
2067,-16.62679426
2068,-16.62679426
2069,56.31067961
2070,-97.04944179
2071,-16.62679426
2072,1.901294498
2073,-81.93779904
2074,1.739482201
2075,-76.79425837
2076,-83.41307815
2077,-16.62679426
2078,15.77669903
2079,-71.09250399
2080,-48.0861244
2081,-77.67145136
2082,-16.62679426
2083,-48.0861244
2084,-48.0861244
2085,59.95145631
2086,61.97411003
2087,-86.44338118
2088,-73.16586922
2089,43.2038835
2090,-84.52950558
2091,-16.62679426
2092,-76.79425837
2093,-16.62679426
2094,1.395631068
2095,-88.11802233
2096,2.265372168
2097,48.24029126
2098,55.42071197
2099,88.34951456
2100,33.39401294
2101,23.68527508
2102,70.77265372
2103,72.91666667
2104,55.42071197
2105,43.46682848
2106,33.39401294
2107,48.24029126
2108,37.68203883
2109,42.39482201
2110,45.69174757
2111,69.96359223
2112,68.44660194
2113,73.76618123
2114,76.75970874
2115,23.68527508
2116,41.26213592
2117,72.12783172
2118,55.42071197
2119,81.75566343
2120,70.77265372
2121,94.33656958
2122,92.79935275
2123,90.8171521
2124,69.19498382
2125,50.08090615
2126,57.60517799
2127,50.08090615
2128,39.34061489
2129,9.607605178
2130,43.46682848
2131,61.20550162
2132,-200.0
2133,70.77265372
2134,68.00161812
2135,96.76375405
2136,95.50970874
2137,63.08656958
2138,47.3907767
2139,95.59061489
2140,68.00161812
2141,91.22168285
2142,92.59708738
2143,59.44579288
2144,66.44417476
2145,9.607605178
2146,23.68527508
2147,64.98786408
2148,78.37783172
2149,80.60275081
2150,79.89482201
2151,72.91666667
2152,60.4368932
2153,53.05420712
2154,33.39401294
2155,59.06148867
2156,91.88915858
2157,28.84304207
2158,28.84304207
2159,50.08090615
2160,77.36650485
2161,-200.0
2162,-200.0
2163,-200.0
2164,23.68527508
2165,18.30501618
2166,71.88511327
2167,69.86245955
2168,85.11326861
2169,-200.0
2170,58.87944984
2171,-200.0
2172,-200.0
2173,23.68527508
2174,90.53398058
2175,81.25
2176,-200.0
2177,57.60517799
2178,81.25
2179,92.79935275
2180,73.38187702
2181,44.66019417
2182,74.39320388
2183,78.76213592
2184,44.66019417
2185,37.68203883
2186,41.26213592
2187,46.58171521
2188,44.66019417
2189,90.47330097
2190,41.26213592
2191,70.77265372
2192,74.39320388
2193,77.36650485
2194,50.08090615
2195,57.60517799
2196,23.68527508
2197,23.68527508
2198,41.26213592
2199,23.68527508
2200,44.66019417
2201,81.25
2202,96.07605178
2203,88.57200647
2204,86.10436893
2205,41.26213592
2206,53.05420712
2207,96.03559871
2208,95.38834951
2209,97.49190939
2210,68.00161812
2211,69.19498382
2212,47.3907767
2213,96.64239482
2214,50.08090615
2215,90.02831715
2216,28.84304207
2217,41.26213592
2218,55.42071197
2219,87.19660194
2220,58.29288026
2221,21.29854369
2222,66.44417476
2223,64.98786408
2224,86.73139159
2225,99.43365696
2226,52.22491909
2227,68.00161812
2228,74.39320388
2229,55.42071197
2230,53.05420712
2231,33.39401294
2232,92.45550162
2233,66.44417476
2234,70.20631068
2235,83.59627832
2236,63.08656958
2237,18.30501618
2238,37.68203883
2239,57.60517799
2240,83.29288026
2241,63.08656958
2242,91.48462783
2243,65.61488673
2244,66.44417476
2245,78.76213592
2246,41.26213592
2247,53.05420712
2248,25.95064725
2249,54.65210356
2250,57.60517799
2251,88.57200647
2252,53.05420712
2253,23.68527508
2254,97.18851133
2255,37.68203883
2256,37.68203883
2257,47.3907767
2258,82.40291262
2259,63.08656958
2260,33.39401294
2261,44.66019417
2262,71.88511327
2263,9.607605178
2264,9.607605178
2265,41.26213592
2266,23.68527508
2267,9.607605178
2268,67.27346278
2269,53.05420712
2270,68.52750809
2271,18.30501618
2272,97.28964401
2273,98.4223301
2274,63.97653722
2275,76.9012945
2276,54.20711974
2277,9.607605178
2278,77.36650485
2279,50.08090615
2280,73.84708738
2281,41.26213592
2282,53.05420712
2283,67.11165049
2284,41.26213592
2285,15.91828479
2286,23.68527508
2287,90.35194175
2288,84.62783172
2289,86.52912621
2290,72.28964401
2291,42.75889968
2292,-200.0
2293,18.30501618
2294,85.80097087
2295,64.44174757
2296,9.607605178
2297,15.14967638
2298,9.607605178
2299,9.607605178
2300,18.30501618
2301,9.607605178
2302,23.68527508
2303,9.607605178
2304,33.39401294
2305,18.30501618
2306,82.92880259
2307,70.77265372
2308,57.60517799
2309,95.08495146
2310,64.25970874
2311,18.30501618
2312,23.68527508
2313,66.44417476
2314,18.30501618
2315,81.25
2316,0.0
2317,64.98786408
2318,63.08656958
2319,28.84304207
2320,55.42071197
2321,52.08333333
2322,66.44417476
2323,23.68527508
2324,18.30501618
2325,85.51779935
2326,28.84304207
2327,95.46925566
2328,98.2605178
2329,72.91666667
2330,72.20873786
2331,50.08090615
2332,13.79449838
2333,37.68203883
2334,-200.0
2335,66.44417476
2336,9.607605178
2337,-200.0
2338,84.46601942
2339,33.39401294
2340,83.89967638
2341,18.30501618
2342,9.607605178
2343,44.66019417
2344,43.46682848
2345,-200.0
2346,37.68203883
2347,96.197411
2348,87.45954693
2349,86.04368932
2350,33.39401294
2351,92.5566343
2352,-200.0
2353,28.84304207
2354,99.59546926
2355,77.36650485
2356,99.79773463
2357,53.05420712
2358,33.39401294
2359,47.3907767
2360,55.42071197
2361,28.84304207
2362,69.19498382
2363,72.91666667
2364,44.66019417
2365,9.607605178
2366,97.33009709
2367,28.84304207
2368,44.66019417
2369,9.607605178
2370,9.607605178
2371,28.84304207
2372,71.54126214
2373,93.97249191
2374,65.61488673
2375,50.08090615
2376,37.68203883
2377,66.44417476
2378,74.39320388
2379,94.41747573
2380,93.4263754
2381,61.20550162
2382,33.39401294
2383,33.39401294
2384,23.68527508
2385,18.30501618
2386,66.44417476
2387,47.3907767
2388,33.39401294
2389,18.30501618
2390,33.39401294
2391,33.39401294
2392,64.98786408
2393,68.00161812
2394,57.60517799
2395,79.16666667
2396,33.39401294
2397,9.607605178
2398,53.05420712
2399,9.607605178
2400,83.49514563
2401,46.39967638
2402,33.39401294
2403,80.13754045
2404,63.08656958
2405,77.0631068
2406,50.08090615
2407,63.08656958
2408,37.68203883
2409,82.40291262
2410,57.60517799
2411,41.26213592
2412,67.39482201
2413,64.98786408
2414,76.13268608
2415,55.42071197
2416,59.44579288
2417,62.11569579
2418,78.76213592
2419,53.05420712
2420,53.05420712
2421,23.68527508
2422,37.68203883
2423,44.66019417
2424,84.80987055
2425,64.98786408
2426,74.04935275
2427,59.44579288
2428,92.37459547
2429,68.00161812
2430,9.607605178
2431,68.32524272
2432,88.57200647
2433,9.607605178
2434,90.47330097
2435,28.84304207
2436,61.67071197
2437,9.607605178
2438,68.00161812
2439,33.39401294
2440,33.39401294
2441,90.89805825
2442,44.66019417
2443,37.68203883
2444,75.58656958
2445,48.66504854
2446,75.12135922
2447,53.05420712
2448,18.30501618
2449,9.607605178
2450,70.77265372
2451,54.5105178
2452,93.64886731
2453,64.98786408
2454,90.02831715
2455,9.607605178
2456,18.30501618
2457,85.80097087
2458,18.30501618
2459,85.80097087
2460,9.607605178
2461,9.607605178
2462,90.41262136
2463,9.607605178
2464,9.607605178
2465,9.607605178
2466,18.30501618
2467,75.08090615
2468,33.39401294
2469,69.19498382
2470,72.57281553
2471,45.95469256
2472,68.00161812
2473,9.607605178
2474,18.30501618
2475,37.68203883
2476,9.607605178
2477,91.48462783
2478,79.49029126
2479,26.75970874
2480,28.84304207
2481,53.05420712
2482,84.46601942
2483,44.66019417
2484,64.98786408
2485,56.63430421
2486,28.84304207
2487,41.26213592
2488,99.47411003
2489,44.66019417
2490,-200.0
2491,44.66019417
2492,23.68527508
2493,9.607605178
2494,70.20631068
2495,46.58171521
2496,64.32038835
2497,41.26213592
2498,87.37864078
2499,99.11003236
2500,91.34304207
2501,75.97087379
2502,41.26213592
2503,40.19012945
2504,98.34142395
2505,58.29288026
2506,33.39401294
2507,79.81391586
2508,96.64239482
2509,33.39401294
2510,75.0
2511,28.84304207
2512,23.68527508
2513,82.05906149
2514,9.607605178
2515,84.70873786
2516,37.68203883
2517,95.89401294
2518,63.08656958
2519,77.79126214
2520,72.91666667
2521,55.42071197
2522,77.36650485
2523,9.607605178
2524,-200.0
2525,-200.0
2526,-200.0
2527,18.30501618
2528,26.75970874
2529,76.29449838
2530,48.94822006
2531,85.11326861
2532,59.44579288
2533,53.05420712
2534,50.08090615
2535,9.607605178
2536,83.79854369
2537,-200.0
2538,55.42071197
2539,9.607605178
2540,33.39401294
2541,94.05339806
2542,78.01375405
2543,-200.0
2544,99.51456311
2545,37.68203883
2546,53.05420712
2547,86.40776699
2548,53.05420712
2549,87.19660194
2550,-200.0
2551,-48.0861244
2552,-200.0
2553,48.24029126
2554,18.30501618
2555,0.0
2556,-200.0
2557,-200.0
2558,23.68527508
2559,59.44579288
2560,84.66828479
2561,90.61488673
2562,33.39401294
2563,67.07119741
2564,18.30501618
2565,98.01779935
2566,94.66019417
2567,34.83009709
2568,98.17961165
2569,44.66019417
2570,85.80097087
2571,70.77265372
2572,53.05420712
2573,75.58656958
2574,9.607605178
2575,85.11326861
2576,94.86245955
2577,50.08090615
2578,81.25
2579,72.47168285
2580,23.68527508
2581,18.30501618
2582,61.20550162
2583,51.9012945
2584,53.05420712
2585,28.84304207
2586,66.44417476
2587,51.9012945
2588,69.53883495
2589,98.86731392
2590,55.42071197
2591,72.91666667
2592,28.84304207
2593,0.0
2594,9.607605178
2595,69.19498382
2596,41.26213592
2597,-200.0
2598,-200.0
2599,9.607605178
2600,-200.0
2601,23.68527508
2602,18.30501618
2603,91.42394822
2604,93.48705502
2605,23.68527508
2606,59.44579288
2607,49.1302589
2608,64.98786408
2609,79.6723301
2610,47.3907767
2611,41.26213592
2612,99.8381877
2613,70.77265372
2614,87.29773463
2615,33.39401294
2616,5.562297735
2617,69.19498382
2618,18.30501618
2619,18.30501618
2620,9.607605178
2621,23.68527508
2622,63.08656958
2623,18.30501618
2624,74.39320388
2625,90.77669903
2626,64.98786408
2627,9.607605178
2628,64.98786408
2629,99.31229773
2630,70.77265372
2631,91.88915858
2632,57.60517799
2633,67.03074434
2634,85.80097087
2635,41.26213592
2636,66.44417476
2637,66.44417476
2638,75.0
2639,53.05420712
2640,51.17313916
2641,54.71278317
2642,37.68203883
2643,18.30501618
2644,89.01699029
2645,75.58656958
2646,35.82119741
2647,97.18851133
2648,-200.0
2649,77.79126214
2650,95.79288026
2651,9.607605178
2652,-200.0
2653,85.11326861
2654,14.17880259
2655,47.3907767
2656,79.40938511
2657,9.607605178
2658,86.6302589
2659,9.607605178
2660,23.68527508
2661,78.01375405
2662,99.11003236
2663,28.84304207
2664,83.79854369
2665,80.74433657
2666,79.93527508
2667,93.60841424
2668,88.28883495
2669,83.29288026
2670,66.44417476
2671,96.31877023
2672,44.66019417
2673,72.91666667
2674,56.87702265
2675,93.87135922
2676,99.19093851
2677,37.68203883
2678,37.68203883
2679,41.26213592
2680,23.68527508
2681,82.05906149
2682,39.5631068
2683,89.76537217
2684,83.94012945
2685,54.5105178
2686,78.49919094
2687,92.19255663
2688,9.607605178
2689,53.05420712
2690,87.07524272
2691,71.88511327
2692,99.11003236
2693,94.66019417
2694,95.18608414
2695,30.96682848
2696,73.94822006
2697,91.64644013
2698,64.98786408
2699,35.35598706
2700,23.68527508
2701,69.19498382
2702,23.68527508
2703,63.08656958
2704,99.87864078
2705,86.28640777
2706,63.08656958
2707,53.05420712
2708,9.607605178
2709,50.08090615
2710,91.58576052
2711,28.84304207
2712,28.84304207
2713,83.59627832
2714,69.19498382
2715,53.05420712
2716,51.23381877
2717,53.05420712
2718,47.3907767
2719,9.607605178
2720,18.30501618
2721,23.68527508
2722,18.30501618
2723,46.31877023
2724,50.08090615
2725,30.60275081
2726,89.44174757
2727,64.98786408
2728,72.47168285
2729,81.59385113
2730,81.25
2731,73.60436893
2732,23.68527508
2733,68.72977346
2734,0.0
2735,-16.62679426
2736,18.30501618
2737,85.11326861
2738,82.05906149
2739,50.08090615
2740,41.26213592
2741,53.05420712
2742,66.44417476
2743,46.3592233
2744,55.42071197
2745,28.84304207
2746,82.68608414
2747,9.607605178
2748,28.84304207
2749,42.67799353
2750,82.05906149
2751,37.68203883
2752,43.12297735
2753,49.1302589
2754,92.63754045
2755,90.69579288
2756,56.27022654
2757,48.86731392
2758,18.30501618
2759,85.80097087
2760,-200.0
2761,53.05420712
2762,33.39401294
2763,44.66019417
2764,43.00161812
2765,33.39401294
2766,97.45145631
2767,82.68608414
2768,33.39401294
2769,25.95064725
2770,50.08090615
2771,33.39401294
2772,41.26213592
2773,47.3907767
2774,70.77265372
2775,85.80097087
2776,51.05177994
2777,23.68527508
2778,61.77184466
2779,37.68203883
2780,42.96116505
2781,23.68527508
2782,75.97087379
2783,45.79288026
2784,50.08090615
2785,41.26213592
2786,9.607605178
2787,23.68527508
2788,9.607605178
2789,33.39401294
2790,94.13430421
2791,9.607605178
2792,44.66019417
2793,71.39967638
2794,18.30501618
2795,66.44417476
2796,48.66504854
2797,79.75323625
2798,9.607605178
2799,95.08495146
2800,64.98786408
2801,23.68527508
2802,85.35598706
2803,63.08656958
2804,41.26213592
2805,82.68608414
2806,42.75889968
2807,79.49029126
2808,79.61165049
2809,66.44417476
2810,4.368932039
2811,33.39401294
2812,0.0
2813,-48.0861244
2814,49.1302589
2815,84.46601942
2816,72.91666667
2817,92.79935275
2818,28.84304207
2819,41.26213592
2820,86.91343042
2821,36.36731392
2822,0.0
2823,97.75485437
2824,32.05906149
2825,9.607605178
2826,79.49029126
2827,72.47168285
2828,33.39401294
2829,23.68527508
2830,78.01375405
2831,73.22006472
2832,82.68608414
2833,9.607605178
2834,28.84304207
2835,61.20550162
2836,74.39320388
2837,35.51779935
2838,99.02912621
2839,63.08656958
2840,68.00161812
2841,0.0
2842,66.44417476
2843,67.49595469
2844,-200.0
2845,40.08899676
2846,23.68527508
2847,63.08656958
2848,97.3907767
2849,95.42880259
2850,50.08090615
2851,80.60275081
2852,43.46682848
2853,97.75485437
2854,54.5105178
2855,47.3907767
2856,48.58414239
2857,88.91585761
2858,15.14967638
2859,44.66019417
2860,79.16666667
2861,28.84304207
2862,26.75970874
2863,9.607605178
2864,55.42071197
2865,78.43851133
2866,18.30501618
2867,18.30501618
2868,9.607605178
2869,18.30501618
2870,78.94417476
2871,18.30501618
2872,47.3907767
2873,65.73624595
2874,51.23381877
2875,77.36650485
2876,98.30097087
2877,37.68203883
2878,41.26213592
2879,47.3907767
2880,43.46682848
2881,9.607605178
2882,18.30501618
2883,18.30501618
2884,33.39401294
2885,28.84304207
2886,41.26213592
2887,68.40614887
2888,94.82200647
2889,9.607605178
2890,63.08656958
2891,72.08737864
2892,33.39401294
2893,78.01375405
2894,9.607605178
2895,80.33980583
2896,0.0
2897,83.09061489
2898,-200.0
2899,33.39401294
2900,23.68527508
2901,47.3907767
2902,37.68203883
2903,18.30501618
2904,23.68527508
2905,83.45469256
2906,0.0
2907,61.58980583
2908,23.68527508
2909,-200.0
2910,71.88511327
2911,33.39401294
2912,55.42071197
2913,50.08090615
2914,57.60517799
2915,23.68527508
2916,9.607605178
2917,18.30501618
2918,57.60517799
2919,50.08090615
2920,42.39482201
2921,41.26213592
2922,28.84304207
2923,9.607605178
2924,79.32847896
2925,55.42071197
2926,90.35194175
2927,89.27993528
2928,23.68527508
2929,23.68527508
2930,28.84304207
2931,59.44579288
2932,70.77265372
2933,21.44012945
2934,61.20550162
2935,41.26213592
2936,0.242718447
2937,74.39320388
2938,94.05339806
2939,28.84304207
2940,55.42071197
2941,65.61488673
2942,35.51779935
2943,85.80097087
2944,18.30501618
2945,50.08090615
2946,33.39401294
2947,80.13754045
2948,64.25970874
2949,55.42071197
2950,44.66019417
2951,37.68203883
2952,85.11326861
2953,9.607605178
2954,3.438511327
2955,18.30501618
2956,37.68203883
2957,41.26213592
2958,44.66019417
2959,18.30501618
2960,81.25
2961,23.68527508
2962,44.66019417
2963,59.8907767
2964,37.68203883
2965,18.30501618
2966,33.39401294
2967,50.08090615
2968,18.30501618
2969,63.73381877
2970,95.59061489
2971,18.30501618
2972,69.96359223
2973,51.9012945
2974,55.42071197
2975,50.88996764
2976,53.05420712
2977,37.68203883
2978,23.68527508
2979,83.29288026
2980,50.08090615
2981,96.39967638
2982,99.63592233
2983,-200.0
2984,78.01375405
2985,23.68527508
2986,44.66019417
2987,18.30501618
2988,44.66019417
2989,28.84304207
2990,59.44579288
2991,47.3907767
2992,18.30501618
2993,28.84304207
2994,83.79854369
2995,82.48381877
2996,94.21521036
2997,0.0
2998,-200.0
2999,89.4012945
3000,9.607605178
3001,33.39401294
3002,23.68527508
3003,94.7815534
3004,18.30501618
3005,37.68203883
3006,93.22411003
3007,62.39886731
3008,28.84304207
3009,68.00161812
3010,94.66019417
3011,93.68932039
3012,47.3907767
3013,95.59061489
3014,68.00161812
3015,9.607605178
3016,88.57200647
3017,33.39401294
3018,81.25
3019,76.49676375
3020,53.05420712
3021,23.68527508
3022,76.49676375
3023,54.5105178
3024,56.71521036
3025,50.08090615
3026,80.13754045
3027,82.88834951
3028,64.13834951
3029,92.79935275
3030,47.3907767
3031,87.07524272
3032,74.39320388
3033,63.08656958
3034,23.68527508
3035,72.35032362
3036,97.97734628
3037,37.68203883
3038,60.11326861
3039,63.08656958
3040,93.87135922
3041,-200.0
3042,-200.0
3043,-200.0
3044,0.0
3045,9.607605178
3046,98.46278317
3047,83.00970874
3048,99.55501618
3049,98.66504854
3050,84.0210356
3051,23.68527508
3052,61.20550162
3053,-200.0
3054,0.242718447
3055,70.77265372
3056,53.05420712
3057,66.44417476
3058,43.46682848
3059,23.68527508
3060,44.66019417
3061,59.44579288
3062,64.98786408
3063,76.49676375
3064,55.42071197
3065,71.27831715
3066,97.89644013
3067,53.05420712
3068,92.11165049
3069,84.74919094
3070,9.607605178
3071,90.02831715
3072,84.46601942
3073,28.84304207
3074,92.37459547
3075,78.19579288
3076,9.607605178
3077,69.19498382
3078,33.39401294
3079,63.91585761
3080,96.64239482
3081,80.13754045
3082,23.68527508
3083,61.20550162
3084,80.94660194
3085,23.68527508
3086,37.68203883
3087,99.25161812
3088,90.57443366
3089,-200.0
3090,65.61488673
3091,33.39401294
3092,16.20145631
3093,47.3907767
3094,63.08656958
3095,63.73381877
3096,23.68527508
3097,64.4012945
3098,85.11326861
3099,9.607605178
3100,18.30501618
3101,9.607605178
3102,82.84789644
3103,72.91666667
3104,88.43042071
3105,66.44417476
3106,86.56957929
3107,23.68527508
3108,71.88511327
3109,75.58656958
3110,0.0
3111,-16.62679426
3112,0.0
3113,0.0
3114,37.68203883
3115,69.96359223
3116,96.3592233
3117,77.79126214
3118,57.60517799
3119,-16.62679426
3120,70.77265372
3121,9.607605178
3122,96.84466019
3123,57.60517799
3124,28.84304207
3125,37.68203883
3126,28.84304207
3127,64.98786408
3128,63.08656958
3129,74.8381877
3130,80.13754045
3131,41.26213592
3132,97.00647249
3133,57.60517799
3134,62.52022654
3135,74.39320388
3136,63.83495146
3137,9.607605178
3138,9.607605178
3139,56.10841424
3140,78.15533981
3141,37.68203883
3142,63.08656958
3143,95.89401294
3144,64.13834951
3145,97.24919094
3146,33.39401294
3147,66.44417476
3148,61.20550162
3149,100.0
3150,28.84304207
3151,64.98786408
3152,50.08090615
3153,-48.0861244
3154,77.87216828
3155,-200.0
3156,9.607605178
3157,57.60517799
3158,57.60517799
3159,71.54126214
3160,76.49676375
3161,18.30501618
3162,90.02831715
3163,18.30501618
3164,9.607605178
3165,44.66019417
3166,59.44579288
3167,20.34789644
3168,94.25566343
3169,34.83009709
3170,49.27184466
3171,58.71763754
3172,9.607605178
3173,42.8802589
3174,72.91666667
3175,59.44579288
3176,50.08090615
3177,44.66019417
3178,64.98786408
3179,86.91343042
3180,41.26213592
3181,84.12216828
3182,37.68203883
3183,77.66990291
3184,64.98786408
3185,9.607605178
3186,89.01699029
3187,67.33414239
3188,52.08333333
3189,14.60355987
3190,9.607605178
3191,53.05420712
3192,-200.0
3193,9.607605178
3194,51.9012945
3195,23.68527508
3196,9.607605178
3197,28.84304207
3198,54.5105178
3199,9.607605178
3200,55.42071197
3201,75.0
3202,57.60517799
3203,87.84385113
3204,18.30501618
3205,91.54530744
3206,78.76213592
3207,50.08090615
3208,61.73139159
3209,77.62944984
3210,84.46601942
3211,98.58414239
3212,54.77346278
3213,9.607605178
3214,76.75970874
3215,23.68527508
3216,44.66019417
3217,23.68527508
3218,81.71521036
3219,57.60517799
3220,85.11326861
3221,23.68527508
3222,43.46682848
3223,33.39401294
3224,90.73624595
3225,44.66019417
3226,62.29773463
3227,67.61731392
3228,66.44417476
3229,41.26213592
3230,54.08576052
3231,86.00323625
3232,9.607605178
3233,18.30501618
3234,76.69902913
3235,84.24352751
3236,73.84708738
3237,28.84304207
3238,93.4263754
3239,46.58171521
3240,93.0420712
3241,86.10436893
3242,91.64644013
3243,79.97572816
3244,53.05420712
3245,69.74110032
3246,18.30501618
3247,23.68527508
3248,23.68527508
3249,33.39401294
3250,82.68608414
3251,64.98786408
3252,81.25
3253,28.84304207
3254,70.20631068
3255,28.84304207
3256,41.26213592
3257,79.57119741
3258,83.79854369
3259,70.77265372
3260,50.08090615
3261,9.607605178
3262,37.68203883
3263,9.607605178
3264,68.00161812
3265,78.76213592
3266,75.58656958
3267,88.14724919
3268,55.42071197
3269,90.89805825
3270,62.11569579
3271,56.7961165
3272,51.13268608
3273,23.68527508
3274,28.84304207
3275,9.607605178
3276,68.00161812
3277,98.0987055
3278,81.25
3279,71.88511327
3280,47.3907767
3281,41.26213592
3282,86.40776699
3283,47.3907767
3284,63.08656958
3285,72.91666667
3286,68.64886731
3287,47.3907767
3288,68.00161812
3289,-200.0
3290,9.607605178
3291,47.3907767
3292,69.19498382
3293,37.68203883
3294,46.58171521
3295,50.08090615
3296,9.607605178
3297,98.72572816
3298,23.68527508
3299,30.48139159
3300,54.20711974
3301,33.39401294
3302,57.60517799
3303,69.19498382
3304,47.3907767
3305,69.80177994
3306,94.57928803
3307,64.13834951
3308,28.84304207
3309,18.30501618
3310,83.13106796
3311,18.30501618
3312,51.01132686
3313,95.67152104
3314,74.39320388
3315,78.76213592
3316,64.98786408
3317,28.84304207
3318,93.22411003
3319,80.3802589
3320,63.67313916
3321,43.46682848
3322,84.24352751
3323,76.49676375
3324,34.58737864
3325,64.98786408
3326,28.84304207
3327,50.08090615
3328,23.68527508
3329,77.36650485
3330,66.44417476
3331,41.26213592
3332,72.35032362
3333,33.39401294
3334,78.01375405
3335,23.68527508
3336,44.66019417
3337,-200.0
3338,99.95954693
3339,93.93203883
3340,28.84304207
3341,62.01456311
3342,45.69174757
3343,64.98786408
3344,18.30501618
3345,23.68527508
3346,56.97815534
3347,9.607605178
3348,28.84304207
3349,0.0
3350,44.66019417
3351,93.72977346
3352,91.22168285
3353,99.39320388
3354,37.68203883
3355,96.80420712
3356,81.25
3357,77.36650485
3358,37.68203883
3359,87.6618123
3360,88.06634304
3361,31.35113269
3362,44.66019417
3363,87.78317152
3364,68.48705502
3365,84.46601942
3366,23.68527508
3367,86.20550162
3368,66.44417476
3369,-200.0
3370,70.77265372
3371,9.607605178
3372,53.05420712
3373,33.39401294
3374,18.30501618
3375,57.60517799
3376,95.95469256
3377,63.08656958
3378,28.84304207
3379,74.04935275
3380,-200.0
3381,50.08090615
3382,-200.0
3383,74.73705502
3384,35.21440129
3385,33.39401294
3386,44.66019417
3387,37.68203883
3388,37.68203883
3389,60.23462783
3390,92.03074434
3391,9.607605178
3392,70.77265372
3393,47.3907767
3394,30.96682848
3395,88.38996764
3396,39.42152104
3397,86.40776699
3398,48.86731392
3399,23.68527508
3400,62.11569579
3401,50.08090615
3402,47.3907767
3403,91.22168285
3404,57.60517799
3405,59.44579288
3406,98.98867314
3407,59.44579288
3408,23.68527508
3409,18.30501618
3410,80.60275081
3411,85.11326861
3412,82.05906149
3413,61.20550162
3414,68.81067961
3415,92.45550162
3416,25.7079288
3417,57.60517799
3418,18.30501618
3419,37.68203883
3420,41.26213592
3421,87.90453074
3422,80.60275081
3423,83.29288026
3424,28.84304207
3425,80.60275081
3426,53.98462783
3427,28.84304207
3428,97.65372168
3429,75.58656958
3430,-200.0
3431,18.30501618
3432,78.76213592
3433,64.98786408
3434,61.20550162
3435,57.60517799
3436,59.44579288
3437,18.30501618
3438,37.68203883
3439,55.42071197
3440,56.87702265
3441,54.32847896
3442,77.36650485
3443,80.29935275
3444,67.33414239
3445,33.39401294
3446,93.81067961
3447,64.98786408
3448,28.84304207
3449,91.22168285
3450,57.60517799
3451,77.36650485
3452,23.68527508
3453,23.68527508
3454,55.42071197
3455,72.91666667
3456,20.99514563
3457,93.32524272
3458,47.3907767
3459,42.39482201
3460,47.3907767
3461,53.05420712
3462,33.39401294
3463,77.36650485
3464,87.01456311
3465,9.607605178
3466,9.607605178
3467,66.44417476
3468,18.30501618
3469,18.30501618
3470,-200.0
3471,0.0
3472,0.0
3473,53.05420712
3474,93.00161812
3475,79.75323625
3476,85.11326861
3477,89.27993528
3478,80.13754045
3479,9.607605178
3480,60.67961165
3481,85.11326861
3482,63.08656958
3483,74.39320388
3484,23.68527508
3485,92.07119741
3486,47.3907767
3487,37.68203883
3488,82.05906149
3489,86.91343042
3490,-200.0
3491,9.607605178
3492,94.98381877
3493,37.68203883
3494,46.11650485
3495,23.68527508
3496,74.39320388
3497,91.88915858
3498,59.00080906
3499,96.11650485
3500,37.68203883
3501,60.67961165
3502,-200.0
3503,94.74110032
3504,55.42071197
3505,71.44012945
3506,99.25161812
3507,53.05420712
3508,0.0
3509,0.0
3510,87.70226537
3511,14.17880259
3512,88.57200647
3513,0.0
3514,0.0
3515,39.68446602
3516,37.68203883
3517,93.52750809
3518,46.58171521
3519,0.0
3520,28.84304207
3521,85.47734628
3522,-90.27113238
3523,71.27831715
3524,0.0
3525,79.36893204
3526,0.0
3527,26.37540453
3528,37.68203883
3529,75.24271845
3530,54.20711974
3531,93.16343042
3532,35.11326861
3533,28.84304207
3534,2.973300971
3535,82.40291262
3536,63.79449838
3537,53.05420712
3538,-16.62679426
3539,0.0
3540,37.68203883
3541,82.68608414
3542,95.71197411
3543,47.3907767
3544,18.30501618
3545,37.68203883
3546,41.26213592
3547,94.53883495
3548,18.30501618
3549,44.66019417
3550,1.395631068
3551,39.5631068
3552,23.68527508
3553,53.05420712
3554,60.4368932
3555,0.0
3556,0.0
3557,-94.17862839
3558,75.88996764
3559,0.0
3560,9.607605178
3561,61.67071197
3562,4.368932039
3563,58.71763754
3564,0.0
3565,33.39401294
3566,63.08656958
3567,-48.0861244
3568,0.0
3569,39.17880259
3570,28.84304207
3571,41.26213592
3572,49.1302589
3573,69.19498382
3574,18.30501618
3575,3.762135922
3576,98.54368932
3577,97.57281553
3578,9.607605178
3579,58.71763754
3580,96.25809061
3581,0.0
3582,26.31472492
3583,61.20550162
3584,43.46682848
3585,76.9012945
3586,60.67961165
3587,0.0
3588,65.8171521
3589,79.85436893
3590,25.95064725
3591,74.91909385
3592,27.22491909
3593,-16.62679426
3594,-16.62679426
3595,93.77022654
3596,28.84304207
3597,73.50323625
3598,65.77669903
3599,0.0
3600,-83.41307815
3601,-48.0861244
3602,-96.09250399
3603,-16.62679426
3604,0.0
3605,-48.0861244
3606,-74.16267943
3607,-78.62838915
3608,76.17313916
3609,26.94174757
3610,0.0
3611,0.0
3612,83.00970874
3613,0.0
3614,41.26213592
3615,0.0
3616,0.0
3617,28.84304207
3618,71.88511327
3619,4.368932039
3620,53.05420712
3621,37.68203883
3622,28.84304207
3623,28.84304207
3624,77.10355987
3625,9.607605178
3626,1.23381877
3627,71.27831715
3628,2.002427184
3629,0.0
3630,5.177993528
3631,75.36407767
3632,9.607605178
3633,33.39401294
3634,47.3907767
3635,3.640776699
3636,71.3592233
3637,52.18446602
3638,20.42880259
3639,59.99190939
3640,78.55987055
3641,-16.62679426
3642,99.75728155
3643,21.88511327
3644,68.68932039
3645,0.0
3646,0.0
3647,-16.62679426
3648,31.43203883
3649,70.34789644
3650,91.05987055
3651,87.5
3652,0.0
3653,68.36569579
3654,26.75970874
3655,-16.62679426
3656,89.80582524
3657,54.28802589
3658,73.2605178
3659,-200.0
3660,-200.0
3661,-200.0
3662,-200.0
3663,-200.0
3664,-200.0
3665,-200.0
3666,-200.0
3667,-200.0
3668,-200.0
3669,-200.0
3670,-200.0
3671,-200.0
3672,-200.0
3673,-200.0
3674,-200.0
3675,-200.0
3676,-200.0
3677,-200.0
3678,-200.0
3679,-200.0
3680,-200.0
3681,-200.0
3682,-200.0
3683,-200.0
3684,-200.0
3685,-200.0
3686,-200.0
3687,0.0
3688,-200.0
3689,-200.0
3690,-200.0
3691,-200.0
3692,-200.0
3693,-200.0
3694,-200.0
3695,0.0
3696,-200.0
3697,-200.0
3698,-48.0861244
3699,-200.0
3700,-200.0
3701,70.20631068
3702,14.5631068
3703,25.95064725
3704,89.72491909
3705,75.58656958
3706,-96.01275917
3707,94.2961165
3708,67.49595469
3709,48.24029126
3710,2.629449838
3711,99.71682848
3712,0.0
3713,51.53721683
3714,2.46763754
3715,74.79773463
3716,28.84304207
3717,89.88673139
3718,39.84627832
3719,35.72006472
3720,13.67313916
3721,0.0
